type,n,d_med,area,sumd,pop
CB0429,2,0.6479528453637513,0.748623475407935,1.2959056907275026,1-2
DNa01,2,1.5247498701769795,3.660364075646067,3.049499740353959,1-2
DNa02,2,2.572856710171857,10.399104000000001,5.145713420343714,1-2
DNa03,2,0.4972987983938937,0.3979273089928691,0.9945975967877874,1-2
DNa04,2,1.939458363492578,5.9094258281910665,3.878916726985156,1-2
DNa05,2,1.3320957755939966,2.8059693748432157,2.6641915511879932,1-2
DNa06,2,0.9923647148297431,1.5538237080030328,1.9847294296594862,1-2
DNa07,2,0.6206864804358678,0.6372597521745326,1.2413729608717357,1-2
DNa08,2,0.8873733039076559,1.4282971666099233,1.7747466078153118,1-2
DNa09,2,1.1670016584123735,2.1495641498711846,2.334003316824747,1-2
DNa10,2,2.2013426130582143,7.612998795541625,4.402685226116429,1-2
DNa11,2,0.6436204809912938,0.6549160001859271,1.2872409619825875,1-2
DNa13,4,1.4560937509760015,6.691043252820159,5.825310233333817,3-4
DNa14,2,0.7008109417016442,0.7777791926861202,1.4016218834032883,1-2
DNa15,2,2.4961313575220934,9.796224,4.992262715044187,1-2
DNa16,2,1.7812543011115176,4.987332880704473,3.5625086022230352,1-2
DNae001,2,0.9345658405253021,1.3861248931390948,1.8691316810506042,1-2
DNae002,2,2.4572219544510356,9.486610425364784,4.914443908902071,1-2
DNae003,2,1.334779996388768,2.7995479136068684,2.669559992777536,1-2
DNae004,2,1.6825365392204719,4.44728169915515,3.3650730784409437,1-2
DNae005,2,0.8424632849987428,1.2017615618209163,1.6849265699974856,1-2
DNae006,2,0.6995199934085246,0.7687899909033797,1.399039986817049,1-2
DNae007,2,0.468931797954214,0.3481178840269441,0.937863595908428,1-2
DNae008,2,0.5338989718797418,0.44793011958001516,1.0677979437594836,1-2
DNae009,2,1.2818401885609623,2.595748760957924,2.5636803771219245,1-2
DNae010,2,1.3648084015421982,3.0271572797768593,2.7296168030843964,1-2
DNb01,2,1.4853396847453388,3.466949533520001,2.9706793694906777,1-2
DNb02,4,0.6026217126013529,1.2380400362849278,2.499923511534605,3-4
DNb03,4,0.6063370913582192,1.2201566958800452,2.4652599539602895,3-4
DNb04,2,0.594764666824716,0.5595545823282324,1.189529333649432,1-2
DNb05,2,2.724619737467643,11.725696,5.449239474935286,1-2
DNb06,2,1.835053235825153,5.290073665049738,3.670106471650306,1-2
DNb07,2,0.5326987836205417,0.4458900055132493,1.0653975672410834,1-2
DNb08,4,1.1569317075388592,3.829729276380997,4.372178941978112,3-4
DNb09,2,1.1954353185234843,2.2447878078055736,2.3908706370469686,1-2
DNbe001,2,2.415026020786223,9.17632,4.830052041572446,1-2
DNbe002,4,0.8327564303721524,2.184377074064254,3.3277270883465513,3-4
DNbe003,2,0.8486180476516207,1.1312802636260821,1.6972360953032415,1-2
DNbe004,2,1.515484997897253,3.7831036303145447,3.030969995794506,1-2
DNbe005,2,1.0876862330850408,1.8807898731503443,2.1753724661700815,1-2
DNbe006,2,0.6144515502317938,0.5995133136461133,1.2289031004635875,1-2
DNbe007,2,0.5676288476584548,0.5062306808726275,1.1352576953169096,1-2
DNc02,2,0.8246383790854863,1.0751473845750947,1.6492767581709726,1-2
DNd02,2,0.5881761121487618,0.8639161162284864,1.1763522242975235,1-2
DNd03,2,0.8745478308309207,1.2433826890366526,1.7490956616618414,1-2
DNd04,2,0.7928730058004119,0.9923437653376062,1.5857460116008237,1-2
DNd05,2,0.9294663405817889,1.382155700130411,1.8589326811635778,1-2
DNde001,2,0.6797482669852184,0.7299609921099102,1.3594965339704368,1-2
DNde002,2,1.5382665142593517,3.7366316972835416,3.0765330285187034,1-2
DNde003,4,0.305928793586208,0.29602116399770917,1.225691293511618,3-4
DNde005,2,0.8294569719944886,1.0807215957699472,1.6589139439889773,1-2
DNde006,2,0.8590464942810043,1.1666362337140568,1.7180929885620086,1-2
DNde007,2,0.6422972035977474,0.6506622300602745,1.284594407195495,1-2
DNg01_a,2,0.47465925265494047,0.3553547148720603,0.9493185053098809,1-2
DNg01_b,2,0.9968429789908583,1.5611027212405588,1.9936859579817165,1-2
DNg01_c,2,0.6370315978347008,0.6752107143423189,1.2740631956694015,1-2
DNg01_d,2,0.43000884676441775,0.2934719907080541,0.8600176935288355,1-2
DNg01_unclear,1,0.33374426200318186,0.087481756972304,0.33374426200318186,1-2
DNg02_a,10,0.5445920427867286,2.390990302114716,5.376554768206029,>8
DNg02_b,5,0.4097329375179015,0.9695674109242969,2.4043320460966062,5-8
DNg02_c,4,0.4592012923170665,0.6339700610211374,1.7611005597390534,3-4
DNg02_d,2,0.6435939225911311,0.6924847493124924,1.2871878451822623,1-2
DNg02_e,2,0.8084228007409544,1.040369731054523,1.6168456014819088,1-2
DNg02_f,2,0.5635738606191429,0.5004137742536068,1.1271477212382859,1-2
DNg02_g,4,0.587887574215247,1.292557416445323,2.4877917096062006,3-4
DNg03,12,0.3955620069369479,1.533437981580047,4.8127651178695325,>8
DNg04,4,0.8624930977552017,2.398137344388661,3.48572986259728,3-4
DNg05_a,2,0.5521196210834234,0.47973330500153877,1.1042392421668468,1-2
DNg05_b,4,0.4976955707074665,0.8076628325021482,2.006277915476649,3-4
DNg05_c,2,0.4705405568075427,0.3494657744070057,0.9410811136150854,1-2
DNg06,12,0.37413967828513384,1.514463429363415,4.751653928343357,>8
DNg07,16,0.30172368335371014,1.3781090019924473,5.15047113791374,>8
DNg08,23,0.3737025519469044,2.812387502012208,8.809721596402895,>8
DNg09_a,6,0.3170132231629363,0.4834482686367283,1.8970384219755045,5-8
DNg09_b,2,0.4420584027958042,0.3084670195149828,0.8841168055916084,1-2
DNg10,12,0.28924585879829035,0.809978854593314,3.4958246440264698,>8
DNg100,2,1.8584073211150502,5.45025762411904,3.7168146422301005,1-2
DNg101,2,1.093504370698566,1.8892578368711817,2.187008741397132,1-2
DNg102,4,0.9433390392770741,3.118010712396075,3.948480185615125,3-4
DNg103,2,0.7287182540874189,0.834378327833907,1.4574365081748377,1-2
DNg104,2,0.6446127296053894,0.6539586025534923,1.2892254592107788,1-2
DNg105,2,2.126046854443149,7.119427130713995,4.252093708886298,1-2
DNg106,16,0.4280050560023373,2.6260523305004106,7.133714829996618,>8
DNg107,2,0.47708218195879354,0.3575256718804658,0.9541643639175871,1-2
DNg108,2,2.8872039921555133,13.097369088012428,5.7744079843110265,1-2
DNg109,2,0.7652116537641649,0.9343711603075573,1.5304233075283298,1-2
DNg11,6,0.5725311765651837,1.9120339688376482,3.6551748434675675,5-8
DNg110,6,0.5313501128928643,1.6621338572565825,3.426376120652306,5-8
DNg111,2,0.7192461840882438,0.8639175737549594,1.4384923681764876,1-2
DNg12_a,8,0.2960186400262001,0.7716066374795184,2.717780447254993,5-8
DNg12_b,10,0.30997353134424677,0.8928147123271646,3.3200624725487162,>8
DNg12_c,8,0.3484557914276171,0.9232803228919525,2.971225978738456,5-8
DNg12_d,2,0.4115329459183009,0.26961112057504427,0.8230658918366018,1-2
DNg12_e,6,0.45284155188108066,1.027198804485857,2.7891318579637683,5-8
DNg12_f,4,0.3505293308625259,0.3709339975731614,1.3712480046585576,3-4
DNg12_g,2,0.45579918922539703,0.34730993221566525,0.9115983784507941,1-2
DNg12_h,2,0.5138660635357652,0.43253539106638983,1.0277321270715305,1-2
DNg13,2,1.3706871137333798,2.962207647152282,2.7413742274667596,1-2
DNg14,2,0.9291820075017208,1.4183573688798325,1.8583640150034415,1-2
DNg15,2,3.820613568075014,22.930688,7.641227136150028,1-2
DNg16,2,2.263259090758231,8.046208,4.526518181516462,1-2
DNg17,2,0.9224548219729036,1.3491798727354838,1.8449096439458073,1-2
DNg18_a,3,0.3235017833985261,0.3162541910771036,1.082034897580189,3-4
DNg18_b,6,0.3674515522865619,0.7486462974754217,2.3403307555005317,5-8
DNg19,2,0.8939920303275717,1.2827950377920396,1.7879840606551434,1-2
DNg20,2,0.5589562436575022,0.4945922753494387,1.1179124873150044,1-2
DNg21,2,0.788385330665402,0.979058615049955,1.576770661330804,1-2
DNg22,2,0.86483886533601,1.1773113914285103,1.72967773067202,1-2
DNg23,2,0.6162765837469886,0.598126602002587,1.2325531674939771,1-2
DNg24,2,1.0707824325760094,1.825604205328903,2.1415648651520187,1-2
DNg26,4,0.6936685048822238,1.5239876834394421,2.7739555521282133,3-4
DNg27,2,0.7731383889781648,0.9671281678392316,1.5462767779563296,1-2
DNg29,2,1.888471619221155,5.6201929083222275,3.77694323844231,1-2
DNg30,2,0.8884532842851738,1.245567274897029,1.7769065685703476,1-2
DNg31,2,1.4269886503025784,3.2008480713375587,2.8539773006051568,1-2
DNg32,2,0.8513691178285618,1.1410665471474664,1.7027382356571237,1-2
DNg33,2,0.7665134886284056,0.9326041928272524,1.5330269772568113,1-2
DNg34,2,1.2793194689598866,2.570857638626684,2.558638937919773,1-2
DNg35,2,2.116219507835667,7.041133804383694,4.232439015671334,1-2
DNg36_a,4,0.38412556073679816,0.5581421755287029,1.6497452164914184,3-4
DNg36_b,7,0.29350284511421304,0.6315638953296515,2.3009578378769078,5-8
DNg37,2,2.5320041637533475,10.078848,5.064008327506695,1-2
DNg38,2,0.9346603031670728,1.4294100523334614,1.8693206063341457,1-2
DNg39,2,1.084485691735916,1.9235298578480453,2.168971383471832,1-2
DNg40,2,0.863775858281101,1.2118699410051443,1.727551716562202,1-2
DNg41,2,0.6648588010356922,0.6963334015383323,1.3297176020713843,1-2
DNg42,2,0.6978524973085108,0.7778054455149452,1.3957049946170217,1-2
DNg43,2,1.0631947149861265,1.776203972426801,2.126389429972253,1-2
DNg44,2,0.9529894312364178,1.4736228611236226,1.9059788624728355,1-2
DNg45,2,0.689179877451636,0.7464459558412364,1.378359754903272,1-2
DNg46,2,0.4181003855282497,0.2749326989036792,0.8362007710564994,1-2
DNg47,2,0.4791651997111105,0.36133236954417436,0.958330399422221,1-2
DNg48,2,1.2850706705818702,2.5993676676982753,2.5701413411637404,1-2
DNg49,2,1.367128782244726,2.9469121585183715,2.734257564489452,1-2
DNg50,2,0.8836988447127248,1.2437725788937428,1.7673976894254495,1-2
DNg51,4,0.5268334272919128,0.868876024485385,2.101560185213328,3-4
DNg52,4,0.657551037919549,1.6870668398498436,2.830462430332463,3-4
DNg53,2,0.30021348788190616,0.14171630039417243,0.6004269757638123,1-2
DNg54,2,0.7084198136560715,0.788504924172885,1.416839627312143,1-2
DNg55,1,0.9793514699052288,0.7532983919416623,0.9793514699052288,1-2
DNg56,2,0.9576472789117916,1.4508577325211824,1.9152945578235832,1-2
DNg57,2,0.5110454248086032,0.41064889297514295,1.0220908496172063,1-2
DNg58,2,0.4235350550480922,0.2818764464117217,0.8470701100961844,1-2
DNg59,2,0.5715328587197303,0.5193539811093916,1.1430657174394605,1-2
DNg60,2,0.5247201127001395,0.4334851518832703,1.049440225400279,1-2
DNg61,2,0.5596890220505205,0.4968508245696014,1.119378044101041,1-2
DNg62,2,0.502901592927369,0.3979282483111788,1.005803185854738,1-2
DNg63,2,0.6258041505316283,0.6151725724804353,1.2516083010632566,1-2
DNg64,2,0.2533333788676478,0.100869546400976,0.5066667577352956,1-2
DNg65,2,0.4454897099807176,0.31174386327749704,0.8909794199614351,1-2
DNg66,1,0.16301217153699485,0.02087036031757393,0.16301217153699485,1-2
DNg67,2,0.2926442857023266,0.1348554920477251,0.5852885714046532,1-2
DNg68,2,0.7955712903802408,0.9963041477225314,1.5911425807604815,1-2
DNg69,2,0.7167786581617073,0.8163912566932244,1.4335573163234145,1-2
DNg70,2,0.8993240084239831,1.2786261631797369,1.7986480168479662,1-2
DNg71,2,0.9195090824454683,1.3722194292494825,1.8390181648909365,1-2
DNg72,4,0.5175716368816272,0.9590161066982279,2.17211682012129,3-4
DNg73,2,0.7447233828640233,0.88389513011303,1.4894467657280466,1-2
DNg74_a,2,2.229107551889423,7.807753194702137,4.458215103778846,1-2
DNg74_b,2,1.78858390963879,5.026230798440796,3.57716781927758,1-2
DNg75,2,1.5563405853722156,3.804857753859862,3.1126811707444313,1-2
DNg76,2,0.9234128481043545,1.4042256852018422,1.846825696208709,1-2
DNg77,1,0.22922369747624222,0.04126757113533495,0.22922369747624222,1-2
DNg78,2,0.9176272235803498,1.3792258030491964,1.8352544471606995,1-2
DNg79,4,0.8405845293331282,2.2218879960174416,3.3626608644904286,3-4
DNg80,2,0.8398747551257266,1.1140256609333805,1.6797495102514532,1-2
DNg81,2,0.8291785480325717,1.1031806990128021,1.6583570960651435,1-2
DNg82,4,0.7228466927840976,1.786211891685468,2.990903083511173,3-4
DNg83,2,0.2857350961756969,0.1318404140785888,0.5714701923513938,1-2
DNg84,2,0.704411052749541,0.7801626647594893,1.408822105499082,1-2
DNg85,2,0.7175253294246552,0.8114154290869386,1.4350506588493104,1-2
DNg86,1,0.3269562727005222,0.08395938117084935,0.3269562727005222,1-2
DNg87,2,0.8727237334328384,1.1972181302983875,1.7454474668656768,1-2
DNg88,2,1.2383416292495086,2.4119068371332153,2.4766832584990173,1-2
DNg89,2,0.5347770817878663,0.4521056460100905,1.0695541635757326,1-2
DNg90,2,1.1593483629754298,2.1257185552272753,2.3186967259508595,1-2
DNg91,2,0.9472678994105992,1.4100731336513368,1.8945357988211984,1-2
DNg92_a,2,0.3445324709532565,0.186459891571139,0.689064941906513,1-2
DNg92_b,4,0.3335726978728901,0.34295141936183965,1.3140210282472817,3-4
DNg93,2,1.435608110853427,3.2376485252211555,2.871216221706854,1-2
DNg94,1,0.4704362703543822,0.1738166909597318,0.4704362703543822,1-2
DNg95,2,0.7840338740088496,0.994971483304597,1.5680677480176992,1-2
DNg96,2,1.3608556983037803,2.9101920464320674,2.7217113966075606,1-2
DNg97,2,1.9210417113776015,5.797821958302135,3.842083422755203,1-2
DNg98,2,1.2248253548577206,2.3589506115322427,2.449650709715441,1-2
DNg99,2,2.2306702334684423,7.816448000000001,4.461340466936885,1-2
DNge001,3,0.41722301562948394,0.42701490073791437,1.2674606384305487,3-4
DNge002,2,0.9358471623024551,1.4033097427638572,1.8716943246049103,1-2
DNge003,2,1.2258231013687029,2.365346577349117,2.4516462027374057,1-2
DNge004,2,0.478662107471182,0.3624944081843167,0.957324214942364,1-2
DNge006,2,1.0393781055991305,1.7213775544288261,2.078756211198261,1-2
DNge007,2,0.9929178179654108,1.549545943534181,1.9858356359308216,1-2
DNge008,2,0.5552774492198806,0.4843642314959812,1.1105548984397613,1-2
DNge009,7,0.3099357499103089,0.5411381482289465,2.169799650473797,5-8
DNge010,2,0.8852687947746907,1.2317192360027287,1.7705375895493813,1-2
DNge011,2,0.6932878684638808,0.7888534423622904,1.3865757369277616,1-2
DNge012,2,0.9958366519064179,1.591939169740237,1.9916733038128358,1-2
DNge013,2,0.7485491289648768,0.8893006400977246,1.4970982579297536,1-2
DNge014,2,0.6647795091016022,0.6943968172580324,1.3295590182032044,1-2
DNge015,3,0.7641061008877316,1.2681649281475345,2.12547970420116,3-4
DNge016,2,1.112329043331558,1.9458157089607928,2.224658086663116,1-2
DNge017,2,0.5290307841491245,0.4417264260173315,1.058061568298249,1-2
DNge018,2,0.846998068902513,1.1328467487920322,1.693996137805026,1-2
DNge019,11,0.36660297577980305,1.471676896837965,4.454838131290456,>8
DNge020,6,0.31355609599214196,0.4608968390089065,1.8670455672291713,5-8
DNge021,2,0.41981635483350144,0.27806898610344694,0.8396327096670029,1-2
DNge022,2,0.7615509739888597,0.9208516758276348,1.5231019479777195,1-2
DNge023,2,1.1496995596510264,2.0795739056879166,2.299399119302053,1-2
DNge024,4,0.3387281560798057,0.3640820074453759,1.3556538704238572,3-4
DNge025,3,0.38721659157119387,0.3312909581053346,1.1232704888232135,3-4
DNge026,2,1.0168698249442605,1.6283302361320469,2.033739649888521,1-2
DNge027,2,0.7133047059819559,0.8485526829821998,1.4266094119639119,1-2
DNge028,2,0.7405082247209811,0.8845307426329169,1.4810164494419622,1-2
DNge029,2,0.48581065452797645,0.3710010331997662,0.9716213090559529,1-2
DNge030,2,0.48147418561424227,0.37151931004733024,0.9629483712284845,1-2
DNge032,2,1.0585707337567434,1.7614953307847663,2.1171414675134868,1-2
DNge033,2,0.7719083103074854,0.9368242644009109,1.5438166206149708,1-2
DNge034,2,0.4473164921825531,0.3266354424008583,0.8946329843651062,1-2
DNge035,2,1.8127302377650367,5.161658616378187,3.6254604755300734,1-2
DNge036,2,0.9687916151243305,1.4866567637886798,1.937583230248661,1-2
DNge037,2,2.059315639473641,6.663167569648323,4.118631278947282,1-2
DNge038,2,0.817639327460076,1.0522236658292115,1.635278654920152,1-2
DNge039,2,0.7627900761924844,0.9139692271585019,1.5255801523849688,1-2
DNge040,2,1.0258821898687733,1.6542184056202154,2.0517643797375467,1-2
DNge041,2,0.5818514463452644,0.532882315146737,1.1637028926905288,1-2
DNge042,2,0.6941651593550103,0.7981071832108528,1.3883303187100207,1-2
DNge043,2,1.4875255859668415,3.4758436276258107,2.975051171933683,1-2
DNge044,2,0.5793446790003325,0.527232,1.158689358000665,1-2
DNge045,2,0.706811550654801,0.7877789647550821,1.413623101309602,1-2
DNge046,4,0.40105868721906157,0.5753922161399443,1.7014861364941696,3-4
DNge047,2,1.1986125394952576,2.2616745210989073,2.397225078990515,1-2
DNge048,2,1.0614319571326616,1.7709154057146024,2.122863914265323,1-2
DNge049,2,1.4668036699002895,3.38092504618115,2.933607339800579,1-2
DNge050,2,1.9666264168342806,6.0753179197832825,3.9332528336685613,1-2
DNge051,2,0.5889129319268602,0.5554152005852521,1.1778258638537205,1-2
DNge052,2,0.5603367255291445,0.5248978355349332,1.120673451058289,1-2
DNge053,2,0.8281963547915934,1.077430585900927,1.6563927095831867,1-2
DNge054,2,1.2829861789704875,2.6241836675995325,2.565972357940975,1-2
DNge055,2,0.7635151288940027,0.9166153428429265,1.5270302577880055,1-2
DNge056,2,0.8327933395939565,1.0903254209898252,1.665586679187913,1-2
DNge057,2,0.35943545526281606,0.2030621839465369,0.7188709105256321,1-2
DNge058,2,0.6652585213461364,0.6952424357155493,1.3305170426922728,1-2
DNge059,2,1.0222937458634846,1.6628361048977407,2.0445874917269693,1-2
DNge060,2,1.0090982958573789,1.6217173583624338,2.0181965917147577,1-2
DNge061,4,0.4628524076522767,0.7130777731911905,1.90159076551421,3-4
DNge062,2,0.4837748432191039,0.36767698616398775,0.9675496864382078,1-2
DNge063,2,1.1710538075289931,2.1705750872970024,2.3421076150579863,1-2
DNge064,2,0.856420012118231,1.2060934750046148,1.712840024236462,1-2
DNge065,2,0.893389993162867,1.2769318505334335,1.786779986325734,1-2
DNge067,2,1.23853904724363,2.419901157057459,2.47707809448726,1-2
DNge068,2,0.9159620268378148,1.3250007698990047,1.8319240536756296,1-2
DNge069,2,0.7787480162731826,0.9613023564651003,1.5574960325463652,1-2
DNge070,2,0.7419126448166553,0.8670465674515948,1.4838252896333106,1-2
DNge071,10,0.260245530645955,0.5493419775942013,2.606901388277332,>8
DNge072,2,0.35753060254914143,0.20183571968881203,0.7150612050982829,1-2
DNge073,2,0.5568128058988578,0.6799412371877749,1.1136256117977157,1-2
DNge074,2,0.611898660893172,0.5905047571354427,1.223797321786344,1-2
DNge075,2,0.7871932439950978,0.9737811984748312,1.5743864879901956,1-2
DNge076,2,0.805710474230785,1.0320245274598268,1.61142094846157,1-2
DNge077,2,0.4072153774246209,0.260846034532971,0.8144307548492418,1-2
DNge078,2,0.5988248515664756,0.5653661384625462,1.1976497031329512,1-2
DNge079,2,1.834179652773446,5.2973809480126715,3.668359305546892,1-2
DNge080,2,0.6973697638769573,0.768620577849855,1.3947395277539145,1-2
DNge081,2,0.7167137113663016,0.8089614603394095,1.4334274227326032,1-2
DNge082,2,0.6021775818449202,0.5747027694988287,1.2043551636898404,1-2
DNge083,2,0.8165380702016163,1.049013225857689,1.6330761404032326,1-2
DNge084,2,0.6935233830770478,0.7629717180979882,1.3870467661540955,1-2
DNge085,8,0.37565377535950284,0.9336533020105182,3.032557440082282,5-8
DNge086,2,0.5294915055106673,0.44656938483215947,1.0589830110213345,1-2
DNge087,4,0.31785742649263826,0.32647097059615904,1.2865039237665297,3-4
DNge088,2,0.815849702598686,1.046189101388813,1.631699405197372,1-2
DNge089,6,0.25155377474954,0.2911819105333712,1.4855798936291353,5-8
DNge090,2,0.5039803192100978,0.4160093457008049,1.0079606384201956,1-2
DNge091,14,0.5551805334815298,3.7518119739258182,8.029052573113889,>8
DNge092,4,0.3701939152583287,0.48285471653819506,1.5563565917670716,3-4
DNge093,4,0.43499886431375306,0.9178177239070613,2.0458813022821425,3-4
DNge094,13,0.249628638374379,0.6907536112911138,3.3398444951197686,>8
DNge095,3,0.47152420512658894,0.5180682872489918,1.4026234478947193,3-4
DNge096,2,0.47665129537529977,0.35776,0.9533025907505995,1-2
DNge097,2,0.46939699381953814,0.3485735718738715,0.9387939876390763,1-2
DNge098,2,0.40874656721574854,0.26807387036063113,0.8174931344314971,1-2
DNge099,2,0.6189312001944619,0.6023802474277142,1.2378624003889238,1-2
DNge100,2,0.33679560390741414,0.17969070564718514,0.6735912078148283,1-2
DNge101,2,0.8948934723240897,1.2587644334293995,1.7897869446481793,1-2
DNge102,2,0.4964468199312383,0.38799229665036505,0.9928936398624766,1-2
DNge103,2,1.495498420273226,3.545553004204266,2.990996840546452,1-2
DNge104,2,1.0002925464100854,1.5717629392562777,2.0005850928201707,1-2
DNge105,2,0.49257210484253655,0.3823666477934893,0.9851442096850731,1-2
DNge106,2,0.7825313287511568,0.9856973215849512,1.5650626575023137,1-2
DNge107,2,2.263313643260755,8.126208,4.52662728652151,1-2
DNge108,5,0.5127587654528722,1.2853596302980865,2.7633518199964713,5-8
DNge110,2,0.5986517481538589,0.5635836093880853,1.1973034963077178,1-2
DNge111,6,0.2726748878797124,0.47318376783882027,1.8426983182309808,5-8
DNge113,4,0.5784395771549649,1.3507122449215974,2.55735040025258,3-4
DNge114,6,0.30143548367673173,0.400921058497185,1.7075399081127602,5-8
DNge115,8,0.2545748018274747,0.41862933391599505,2.061643662279364,5-8
DNge116,4,0.3310774522865847,0.3754553600593401,1.3689009376289785,3-4
DNge117,4,0.35129272493027114,0.6665693519826053,1.7129309840152,3-4
DNge119,2,1.0489623482936092,1.7297445708663937,2.0979246965872185,1-2
DNge120,2,0.6757633519155093,0.7253688505584581,1.3515267038310186,1-2
DNge121,2,0.9824417141816748,1.522737984545083,1.9648834283633496,1-2
DNge122,2,0.777362557905422,0.950123054603665,1.554725115810844,1-2
DNge123,2,0.5418257577009506,0.4685878583007288,1.0836515154019013,1-2
DNge124,2,0.9255309242223826,1.3993541122227593,1.8510618484447652,1-2
DNge125,2,1.0367355036408703,1.6887505825910005,2.0734710072817406,1-2
DNge126,2,0.18799662498936087,0.056186237365039,0.37599324997872174,1-2
DNge127,2,0.5881329866933602,0.5758160977799719,1.1762659733867205,1-2
DNge128,2,0.5640429005401827,0.504192,1.1280858010803654,1-2
DNge129,2,1.464261680825411,3.4335525807965244,2.928523361650822,1-2
DNge130,2,0.7000713454223336,0.7770382420759361,1.4001426908446672,1-2
DNge131,2,0.8900811407016058,1.2489849714041505,1.7801622814032116,1-2
DNge132,2,1.0897938958633566,1.8748158537633417,2.1795877917267132,1-2
DNge133,2,0.755390909713022,0.8986028924989126,1.510781819426044,1-2
DNge134,2,0.40268563314273775,0.271457228095656,0.8053712662854755,1-2
DNge135,2,0.48220658152180307,0.36828004404676384,0.9644131630436061,1-2
DNge136,4,0.9039027750541446,2.7926508025840397,3.7438788594182193,3-4
DNge137,3,0.4822497716776503,0.6390982519883577,1.549471605071805,3-4
DNge138,2,0.3922793793219147,0.25591776457414095,0.7845587586438294,1-2
DNge139,2,0.7218051035003193,0.8230720470378474,1.4436102070006387,1-2
DNge140,2,0.8696228536110844,1.192434418190055,1.7392457072221688,1-2
DNge141,2,0.9073876960670069,1.316950627180329,1.8147753921340137,1-2
DNge142,2,0.8187538816460533,1.0592788203572125,1.6375077632921067,1-2
DNge143,2,0.7588313866334633,0.9911407025550663,1.5176627732669266,1-2
DNge144,2,0.49302630090484195,0.38342753298040844,0.9860526018096839,1-2
DNge145,4,0.39303140739002607,0.5191164496842366,1.6199910272575555,3-4
DNge146,2,0.6894988798615689,0.7505836797848096,1.3789977597231378,1-2
DNge147,2,0.4332850483353368,0.2953116989036364,0.8665700966706736,1-2
DNge148,2,0.7010492237562456,0.7720563756324244,1.4020984475124911,1-2
DNge149,1,0.14034537160579091,0.015469848869062996,0.14034537160579091,1-2
DNge150,1,0.6771033313596289,0.3600806487939158,0.6771033313596289,1-2
DNge151,1,0.16754845035976623,0.022048076761390728,0.16754845035976623,1-2
DNge153,2,0.8218934378568177,1.0613884796758701,1.6437868757136354,1-2
DNge154,2,0.4839277564134872,0.39161092580803397,0.9678555128269744,1-2
DNge172,4,0.6432386070858874,1.856494958854194,2.9504478632256754,3-4
DNge173,2,0.3321711785198964,0.17333235748380152,0.6643423570397928,1-2
DNge174,2,0.3546201638673997,0.1982772262696822,0.7092403277347994,1-2
DNge175,2,0.7377246635020227,0.8597200433546559,1.4754493270040454,1-2
DNge176,2,0.2921305853398588,0.13458438983068985,0.5842611706797176,1-2
DNge178,2,0.4381594771082652,0.3020895098594653,0.8763189542165304,1-2
DNge179,6,0.29365703600970283,0.560292527662668,1.9387372698427765,5-8
DNge180,2,0.35369877358581137,0.1974241253986963,0.7073975471716227,1-2
DNge181,4,0.5698802029602155,1.1147982360701651,2.352599033320704,3-4
DNge182,2,0.5996136357149737,0.5660301141060115,1.1992272714299475,1-2
DNge183,2,0.48237606556360146,0.36580276876088913,0.9647521311272029,1-2
DNge184,2,0.6087919426721067,0.6045927701682896,1.2175838853442134,1-2
DNp01,2,10.13938674424245,161.526912,20.2787734884849,1-2
DNp02,2,3.4489604390207367,18.693888,6.897920878041473,1-2
DNp03,2,1.6832902294618766,4.4546766105713065,3.366580458923753,1-2
DNp04,2,1.8309363999610149,5.276661919900707,3.6618727999220297,1-2
DNp05,2,1.6050396143612913,4.047099518006176,3.2100792287225826,1-2
DNp06,2,2.306321942689154,8.356603140642644,4.612643885378308,1-2
DNp07,2,1.4004535712497947,3.080771251628023,2.8009071424995895,1-2
DNp08,2,0.8015300977942609,1.0277174612188111,1.6030601955885218,1-2
DNp09,2,0.9807264525347503,1.5267341257005012,1.9614529050695007,1-2
DNp10,2,1.7014939087406429,4.555772849236443,3.4029878174812858,1-2
DNp101,2,0.3286465447386139,0.17106189901680785,0.6572930894772278,1-2
DNp102,2,1.5704427614631518,3.874689191441597,3.1408855229263035,1-2
DNp103,2,1.2503784353132015,2.4616265709197354,2.500756870626403,1-2
DNp104,2,0.4141588904894869,0.2695317223537098,0.8283177809789738,1-2
DNp11,2,3.157388356366585,15.725696,6.31477671273317,1-2
DNp12,2,1.3640379209942817,2.933008955228334,2.7280758419885633,1-2
DNp13,2,1.277982913500864,2.5671847387071254,2.555965827001728,1-2
DNp14,2,0.7736122175708733,0.9473861950394615,1.5472244351417466,1-2
DNp15,2,2.324212717790834,8.485519385270695,4.648425435581668,1-2
DNp16_a,2,0.6842136390133636,0.7940514713472294,1.3684272780267273,1-2
DNp16_b,2,0.3991880885880015,0.25242628245241383,0.798376177176003,1-2
DNp17,12,0.36022106325056497,1.8823623710974484,5.105947574242083,>8
DNp18,2,3.616209095877509,20.571392000000003,7.232418191755018,1-2
DNp19,2,1.7660543840738092,4.899712353965969,3.5321087681476184,1-2
DNp20,2,5.906766490478805,54.820736,11.81353298095761,1-2
DNp21,2,0.887042414265339,1.341065500433749,1.774084828530678,1-2
DNp22,2,2.3473481656204833,8.658816000000002,4.694696331240967,1-2
DNp23,2,0.40687038494862016,0.2604184925774858,0.8137407698972403,1-2
DNp24,2,0.5002020677214836,0.399708488847662,1.0004041354429671,1-2
DNp25,2,0.3243882052243038,0.165347710509824,0.6487764104486076,1-2
DNp26,2,2.0360414481428606,6.512469279780191,4.072082896285721,1-2
DNp27,2,0.6519214601623535,0.6717300456651867,1.303842920324707,1-2
DNp28,2,1.5970198816135452,4.0064209635679875,3.1940397632270905,1-2
DNp29,2,0.6486769306075416,0.7348383354096995,1.2973538612150832,1-2
DNp30,2,0.7252511653928583,0.829341309373953,1.4505023307857166,1-2
DNp31,2,2.475973862673113,9.630848,4.951947725346226,1-2
DNp32,2,1.3078060941466911,2.686624666829255,2.6156121882933823,1-2
DNp33,2,1.3922915222685086,3.073875285537105,2.784583044537017,1-2
DNp34,2,1.1612765740980509,2.119322882848114,2.3225531481961017,1-2
DNp35,2,1.1590330074755575,2.139549925905376,2.318066014951115,1-2
DNp36,2,1.09908436737298,1.9159377812970089,2.19816873474596,1-2
DNp38,2,0.6700407752013634,0.7075127513309111,1.3400815504027268,1-2
DNp39,2,0.48130910014078365,0.36417317887497025,0.9626182002815673,1-2
DNp41,4,0.7184337604691947,1.6649323549767625,2.892205744410939,3-4
DNp42,2,1.462331809373899,3.3590451491333853,2.924663618747798,1-2
DNp43,2,0.9444665698563128,1.4080335098562238,1.8889331397126257,1-2
DNp44,2,0.47144183273292156,0.35061727823756855,0.9428836654658431,1-2
DNp45,2,0.571711789436125,0.5168635603266372,1.14342357887225,1-2
DNp46,2,0.5504327315578144,0.4792625310388607,1.1008654631156287,1-2
DNp47,2,0.9363923834001469,1.3783833372749879,1.8727847668002937,1-2
DNp48,2,0.7779220961341046,0.9699095206717673,1.5558441922682091,1-2
DNp49,2,1.2528657034788186,2.5684027610383984,2.5057314069576373,1-2
"DNp51,DNpe019",4,0.6707309552362689,1.5872380471625014,2.807990900959097,3-4
DNp53,2,1.3108642695869892,2.708406152091136,2.6217285391739784,1-2
DNp54,2,0.6580821454301207,0.70820265214872,1.3161642908602413,1-2
DNp55,2,1.630874152153936,4.210251688528503,3.261748304307872,1-2
DNp56,2,0.670431310463564,0.7100028106343821,1.340862620927128,1-2
DNp57,2,1.0238376300604783,1.6475097187140308,2.0476752601209567,1-2
DNp58,1,0.6913207212486486,0.3753608985865745,0.6913207212486486,1-2
DNp59,2,0.9287924130037861,1.361950182820335,1.8575848260075722,1-2
DNp60,2,1.053312071889371,1.7431695095665136,2.106624143778742,1-2
DNp62,2,1.0610747505261375,1.768723447707666,2.122149501052275,1-2
DNp63,2,0.8741882761775979,1.2117450647736339,1.7483765523551957,1-2
DNp64,2,0.6128080286426911,0.5901287568910509,1.2256160572853823,1-2
DNp65,2,0.5208709393377513,0.4263167663746495,1.0417418786755026,1-2
DNp66,2,1.0475285651619568,1.8250460412689955,2.0950571303239136,1-2
DNp67,2,0.6858303930155341,0.7399634094045597,1.3716607860310681,1-2
DNp68,2,0.7004985304931712,0.7722627978280792,1.4009970609863425,1-2
DNp69,2,1.3642712845787668,2.925180319027091,2.7285425691575336,1-2
DNp70,2,0.694679130981772,0.7927549245044524,1.389358261963544,1-2
DNp71,2,0.8211021567529007,1.0630851869093318,1.6422043135058013,1-2
DNp72,2,0.4354802134085821,0.3002183775313077,0.8709604268171642,1-2
DNp73,2,2.4178246043878997,9.194210567687382,4.835649208775799,1-2
DNpe001,2,0.4642118006888477,0.33861955646855857,0.9284236013776954,1-2
DNpe002,2,1.3082088991981653,2.6889291612577297,2.6164177983963306,1-2
DNpe003,4,0.5317054933811224,0.9119081123360968,2.1342275830641984,3-4
DNpe004,4,0.7646483932643687,1.8330281636089185,3.012574375154433,3-4
DNpe005,2,0.9004742393024221,1.337591577799755,1.8009484786048442,1-2
DNpe006,2,0.8143854623659608,1.057519809351074,1.6287709247319215,1-2
DNpe007,2,0.5097679150438028,0.4096827775816061,1.0195358300876056,1-2
DNpe008,19,0.2740592629848136,1.1565862350351916,5.244017441998247,>8
DNpe009,6,0.3871639285694839,0.8913417327306551,2.5156423140073114,5-8
DNpe010,2,0.42856094122947164,0.2958976642619293,0.8571218824589433,1-2
DNpe011,4,0.28208017700372356,0.268767281844014,1.1621042280260416,3-4
DNpe012_a,4,0.30891876160790455,0.47166268497392727,1.445409485163895,3-4
DNpe012_b,4,0.320884332983562,0.30965774695123893,1.2485500254944906,3-4
DNpe013,2,1.0956848885477308,2.0072854607843533,2.1913697770954617,1-2
DNpe014,4,0.5438769786224238,1.0830603558908383,2.3160917571081843,3-4
DNpe015,11,0.3015813363972063,0.9504810330447502,3.527576912230064,>8
DNpe016,2,0.7383286690935982,0.8895772122739015,1.4766573381871964,1-2
DNpe017,2,1.9967311863980175,6.327158157986249,3.993462372796035,1-2
DNpe018,3,0.3318305183519415,0.3692892070273028,1.0805635827175868,3-4
DNpe021,2,1.2102127647214362,2.3011472988569603,2.4204255294428725,1-2
DNpe022,2,1.0808658305916685,1.9956020364132059,2.161731661183337,1-2
DNpe023,2,0.2611020024239027,0.107651597218764,0.5222040048478054,1-2
DNpe024,2,0.9651485624491201,1.5242896471587617,1.9302971248982401,1-2
DNpe025,2,1.0863461050330938,1.8804051846774934,2.1726922100661876,1-2
DNpe026,2,0.5566248858948287,0.4917861193076408,1.1132497717896574,1-2
DNpe027,2,0.3475175781535368,0.19126275846646867,0.6950351563070736,1-2
DNpe028,2,0.4506542827572433,0.31931074433743223,0.9013085655144866,1-2
DNpe029,4,0.3823463776503715,0.4603284183138813,1.5204532649392228,3-4
DNpe030,2,1.121533716928184,2.036096322275885,2.243067433856368,1-2
DNpe031,4,0.8259833145041093,2.2833975591022284,3.390709768251937,3-4
DNpe032,2,0.9001062155917212,1.321697739231972,1.8002124311834424,1-2
DNpe033,2,0.25438725352623004,0.10362780190577003,0.5087745070524601,1-2
DNpe034,2,0.624277909796828,0.6143376597632881,1.248555819593656,1-2
DNpe035,2,0.6790254078929536,0.7316798876634751,1.3580508157859073,1-2
DNpe036,2,0.5846778016846408,0.5370378033082543,1.1693556033692816,1-2
DNpe037,1,0.3151828533574917,0.07802163501859594,0.3151828533574917,1-2
DNpe039,2,0.706265272374849,0.8166262422921098,1.412530544749698,1-2
DNpe040,2,0.5967621026778522,0.5594931821651574,1.1935242053557045,1-2
DNpe041,2,0.47179283107475334,0.3497797054615036,0.9435856621495067,1-2
DNpe042,2,0.5368362436149123,0.45402022798272296,1.0736724872298247,1-2
DNpe043,2,0.9016971747631568,1.3711608492392968,1.8033943495263136,1-2
DNpe045,2,0.9251467516724693,1.3735706429592853,1.8502935033449386,1-2
DNpe048,1,0.25699382446875335,0.05187227029522878,0.25699382446875335,1-2
DNpe049,2,0.5050349972723184,0.4010452575668464,1.0100699945446368,1-2
DNpe050,2,0.585531732484567,0.5388394130660672,1.171063464969134,1-2
DNpe052,2,0.5142379448170245,0.41542910176915265,1.028475889634049,1-2
DNpe053,2,0.6871977728080273,0.7495894865877202,1.3743955456160546,1-2
DNpe054,7,0.29843165180430514,0.4883321256120147,2.0793474849918248,5-8
DNpe055,2,1.1338451135534449,2.0350950594345525,2.2676902271068897,1-2
DNpe056,2,1.1687660065521004,2.155036544041141,2.337532013104201,1-2
DNpe057,4,0.317612928104023,0.42335928815292256,1.4178855572311777,3-4
DNxl114,2,0.6418824827151375,0.647240610482013,1.283764965430275,1-2
MDN,4,0.9024521086920079,2.833602080906002,3.7156353180369903,3-4
aSP22,2,1.5744533949339838,3.8938527011424586,3.1489067898679677,1-2
pIP1,2,3.0512288649113906,14.661248,6.102457729822781,1-2
pIP10,2,1.0298265450066573,1.6696857804724212,2.0596530900133145,1-2
pMP2,2,1.4064060365506745,3.1180374108400652,2.812812073101349,1-2
